id,name,age,email,mobile
1,Rahul,12,rahul@hotmail.com,1234567652
2,rohan,99,rohan@yahoo.co.in,9090909090
3,rohit,100,rohit@yahoo.co.in,9090
4,c,99,c@yahoo.co.in,9090909090
5,d,99,d@yahoo.co.in,9090909090
6,e,99,e@yahoo.co.in,9090909090
7,f,99,f@yahoo.co.in,909090909
8,g,99,g@yahoo.co.in,909090909
9,h,99,h@yahoo.co.in,909090909
10,i,99,i@yahoo.co.in,9090909090
11,j,99,j@yahoo.co.in,9090909090
12,k,99,k@yahoo.co.in,9090909090
13,l,99,l@yahoo.co.in,9090909090
14,m,99,m@yahoo.co.in,9090909090
15,n,99,n@yahoo.co.in,9090909090
16,o,99,o@yahoo.co.in,9090909090
17,p,99,p@yahoo.co.in,123
18,q,99,q@yahoo.co.in,456
19,r,99,r@yahoo.co.in,678
20,s,99,s@yahoo.co.in,10111213
21,User 1,1,user1@email.com,1
22,User 2,2,user2@gmail.com,2
23,User 1,1,user1@email.com,1
