id,name,mobile,email,isaddress
2,Mary Larson,(486) 515-1854,hofni@kub.km,Yes
3,Joel Griffin,(854) 439-4181,noow@sac.kn,No
4,Chase Riley,(561) 985-4443,lan@siw.es,No
5,Annie Conner,(576) 629-8355,sumnat@dozapu.eu,No
6,Roger Leonard,(310) 587-9014,higosip@bidpagev.ao,No
7,Ellen Salazar,(561) 473-5030,diz@wonu.li,No
8,Phillip Schwartz,(463) 752-7828,bobe@oruimuwak.ao,No
9,Leah Ford,(923) 299-1407,biuw@ihkavbu.cc,No
10,Lulu Hart,(524) 283-5600,tu@gapha.ge,No
11,newuser,876654345,newuser@1234,No
