_id,name,email,mobile,age
501,Francene Jesty,fjestydw@squarespace.com,680-564-5846,70
502,Aldus Weedon,aweedondx@google.de,273-810-6097,78
503,Lanny Firidolfi,lfiridolfidy@wikipedia.org,234-160-6280,19
504,Cassie Treagust,ctreagustdz@skype.com,681-363-9465,81
505,Tremayne Clarycott,tclarycotte0@blogs.com,787-452-6144,39
506,Valentine Beetles,vbeetlese1@i2i.jp,927-908-7559,69
507,Forrester Whittle,fwhittlee2@mozilla.org,984-301-1697,15
508,Veda Banaszczyk,vbanaszczyke3@gizmodo.com,215-931-1052,97
509,Linea Fairhall,lfairhalle4@mediafire.com,182-874-1428,75
510,Ericha Bushell,ebushelle5@wikimedia.org,465-788-1744,37
511,Fedora Ilyushkin,filyushkine6@nytimes.com,546-258-2532,52
512,Silvana Rivenzon,srivenzone7@wiley.com,955-443-0378,93
513,Edd Sterman,estermane8@amazon.de,366-765-4094,79
514,Rebeca Esmonde,resmondee9@ebay.com,670-884-2888,3
515,Emerson Groneway,egronewayea@psu.edu,781-814-7432,98
516,Elizabet Perone,eperoneeb@intel.com,528-109-5382,70
517,Sayers Goldsworthy,sgoldsworthyec@topsy.com,868-736-8286,31
518,Sonya Klosterman,sklostermaned@umich.edu,557-203-3954,67
519,Tito Ronca,troncaee@stumbleupon.com,448-460-9059,11
520,Wynny Turfes,wturfesef@thetimes.co.uk,980-355-5499,51
521,Cariotta Saunton,csauntoneg@google.com.au,107-246-8984,90
522,Marice Havers,mhaverseh@naver.com,346-941-8311,40
523,Cam Olive,coliveei@newyorker.com,923-949-4754,94
524,Michael Keyson,mkeysonej@wiley.com,136-891-6580,39
525,Silvana Guisby,sguisbyek@ucsd.edu,542-441-8233,31
526,Francisco Cabral,fcabralel@taobao.com,409-135-4749,9
527,Dara Deverock,ddeverockem@storify.com,483-133-8150,29
528,Thane Paxton,tpaxtonen@psu.edu,576-801-8326,4
529,Gannon Hofton,ghoftoneo@weebly.com,594-359-4676,76
530,Brittni Pryde,bprydeep@edublogs.org,781-165-5506,8
531,Amby Tuma,atumaeq@princeton.edu,491-433-9275,4
532,Gillie Dyson,gdysoner@mozilla.org,826-754-4920,20
533,Arlin Dyott,adyottes@buzzfeed.com,556-346-5298,92
534,Georgetta Loudyan,gloudyanet@ebay.co.uk,857-186-9825,35
535,Heida Suttie,hsuttieeu@yelp.com,480-535-1479,74
536,Ximenes Whitford,xwhitfordev@twitpic.com,261-512-0087,93
537,Cati Gostyke,cgostykeew@indiatimes.com,672-993-6947,87
538,Delinda Oleksiak,doleksiakex@zimbio.com,897-947-6311,91
539,Natal Gottschalk,ngottschalkey@census.gov,456-615-7885,40
540,Timoteo Colebeck,tcolebeckez@godaddy.com,152-570-1286,63
541,Dorise Antusch,dantuschf0@nsw.gov.au,999-467-6480,28
542,Elissa Lydall,elydallf1@stanford.edu,200-336-2993,34
543,Addy Puzey,apuzeyf2@eepurl.com,489-546-5647,15
544,Cate MacKellen,cmackellenf3@senate.gov,282-586-8942,13
545,Caryl Knapp,cknappf4@intel.com,642-620-8594,94
546,Jess Lufkin,jlufkinf5@stumbleupon.com,409-751-1966,64
547,Nikolaos Hatliff,nhatlifff6@answers.com,726-275-5756,85
548,Mattie Dunbavin,mdunbavinf7@wordpress.com,870-529-7927,3
549,Celine Fonzo,cfonzof8@reuters.com,337-192-6915,5
550,Sanson Fidelli,sfidellif9@lulu.com,239-625-3492,90
551,Dav Brunel,dbrunelfa@facebook.com,974-849-9326,19
552,Jory Ishaki,jishakifb@answers.com,504-446-2500,11
553,Chris Nowakowski,cnowakowskifc@yelp.com,885-837-6838,75
554,Kimberly Chesterton,kchestertonfd@wufoo.com,543-524-6046,9
555,Jasmin Earey,jeareyfe@illinois.edu,952-872-3280,88
556,Theo Clinning,tclinningff@indiegogo.com,419-812-5944,40
557,Ema Sitch,esitchfg@un.org,470-678-9623,84
558,Vannie Brewin,vbrewinfh@wix.com,719-914-1119,71
559,Lynett Rofe,lrofefi@creativecommons.org,541-606-5613,86
560,Arlen O'Hallagan,aohallaganfj@rakuten.co.jp,100-892-5480,65
561,Dav Pavkovic,dpavkovicfk@accuweather.com,237-504-3298,65
562,Claresta Broadnicke,cbroadnickefl@reuters.com,691-115-2540,29
563,Henryetta Ludy,hludyfm@uiuc.edu,344-567-5028,47
564,Hillard Dockwray,hdockwrayfn@hibu.com,197-658-6273,62
565,Zerk Eilhertsen,zeilhertsenfo@java.com,829-856-3100,85
566,Hansiain Scotson,hscotsonfp@over-blog.com,250-139-5508,75
567,Paulina Elvey,pelveyfq@marketwatch.com,753-447-0584,40
568,Samara Kinlock,skinlockfr@goo.gl,655-946-1545,69
569,Nerty Buzzing,nbuzzingfs@g.co,754-410-5000,96
570,Gray Wellan,gwellanft@taobao.com,296-866-1982,83
571,Diann Gaunter,dgaunterfu@reuters.com,222-592-6085,39
572,Sophi Bulbrook,sbulbrookfv@amazon.co.jp,704-628-2843,63
573,Miranda Iffland,mifflandfw@webs.com,159-769-8403,2
574,Irene Schuricht,ischurichtfx@naver.com,846-882-8980,10
575,Rivy Chaffer,rchafferfy@artisteer.com,444-494-5020,10
576,Marissa Huish,mhuishfz@shutterfly.com,530-808-6670,72
577,Stormy Drake,sdrakeg0@apple.com,296-902-2835,27
578,Thaddus Sam,tsamg1@godaddy.com,741-541-9670,38
579,Aliza Allchorn,aallchorng2@amazonaws.com,500-740-1581,72
580,Burr Loy,bloyg3@seattletimes.com,977-672-3035,42
581,Vivie Treffry,vtreffryg4@nhs.uk,889-917-7640,75
582,Emili Dudenie,edudenieg5@dell.com,580-920-3009,74
583,Cloe Ramsted,cramstedg6@pinterest.com,979-469-1594,18
584,Nataniel Tommasuzzi,ntommasuzzig7@dyndns.org,478-361-5303,17
585,Verena Killcross,vkillcrossg8@squidoo.com,904-514-5713,31
586,Vi Ceaplen,vceapleng9@pen.io,847-243-3905,71
587,Jan Comazzo,jcomazzoga@wordpress.com,820-487-7210,25
588,Nona Broxis,nbroxisgb@edublogs.org,551-362-6024,20
589,Geoffrey Witterick,gwitterickgc@cocolog-nifty.com,238-771-0466,2
590,Tudor Whyley,twhyleygd@bravesites.com,242-608-1473,14
591,Sabrina Chaddock,schaddockge@imageshack.us,894-176-9808,79
592,Lombard Bea,lbeagf@nymag.com,541-787-5167,41
593,Dennis Headford,dheadfordgg@skyrock.com,733-326-7917,6
594,Skippy Egleton,segletongh@oracle.com,794-677-7283,69
595,Adena Hanwell,ahanwellgi@etsy.com,863-257-1280,94
596,Vilhelmina Searchfield,vsearchfieldgj@elpais.com,541-539-6349,45
597,Callean Da Costa,cdagk@bandcamp.com,272-800-5947,48
598,Arnuad Nolder,anoldergl@mashable.com,484-935-7517,24
599,Miles Marielle,mmariellegm@theglobeandmail.com,863-898-9340,65
600,Worthy Aloway,walowaygn@vk.com,743-433-9955,34
601,Albertina Spoure,aspourego@harvard.edu,451-618-3741,84
602,Jude Spillman,jspillmangp@bing.com,292-353-1609,85
603,Arty Broadbere,abroadberegq@noaa.gov,375-100-7938,45
604,Darrick Folland,dfollandgr@netscape.com,349-959-4192,87
605,Natale Dand,ndandgs@yandex.ru,265-690-8867,1
606,Lexis Wildes,lwildesgt@sun.com,837-249-4551,53
607,Saidee Toms,stomsgu@smh.com.au,243-499-2905,33
608,Sonny Thurlbourne,sthurlbournegv@163.com,155-897-1328,56
609,Babette Ends,bendsgw@ucoz.ru,177-904-4597,54
610,Jacinta Rowney,jrowneygx@a8.net,499-630-9927,23
611,Nickey Seckom,nseckomgy@photobucket.com,744-569-9762,79
612,Marinna Lowis,mlowisgz@imageshack.us,714-343-2656,47
613,Alejandra Longmaid,alongmaidh0@hud.gov,543-814-5924,41
614,Gawen Cottem,gcottemh1@wunderground.com,107-218-3688,14
615,Bobby Nissle,bnissleh2@yolasite.com,822-101-2778,55
616,Bogey Oboy,boboyh3@shop-pro.jp,396-785-4943,43
617,Moses McGeouch,mmcgeouchh4@independent.co.uk,403-215-1350,30
618,Rice Runnett,rrunnetth5@theatlantic.com,883-817-4555,79
619,Nissy Fripps,nfrippsh6@imgur.com,846-838-5938,45
620,Lindy Coopman,lcoopmanh7@oaic.gov.au,780-320-3536,30
621,Rochelle Brislawn,rbrislawnh8@census.gov,379-342-4974,32
622,Tori Kindleysides,tkindleysidesh9@dropbox.com,991-288-4840,46
623,Mayne Smallcombe,msmallcombeha@nasa.gov,296-689-1574,63
624,Fanchon Dublin,fdublinhb@yahoo.com,390-133-4574,51
625,Duky McNysche,dmcnyschehc@icq.com,805-558-3488,71
626,Normand Warters,nwartershd@com.com,831-445-9992,74
627,Uriah Unitt,uunitthe@macromedia.com,977-978-2323,34
628,Agna Deehan,adeehanhf@squarespace.com,941-831-7594,37
629,Frankie Sloegrave,fsloegravehg@msu.edu,592-839-4115,29
630,Kenon Peeters,kpeetershh@reuters.com,628-192-9633,21
631,Latrena Spadotto,lspadottohi@qq.com,932-498-2940,2
632,Adelle Ruslin,aruslinhj@ehow.com,102-859-2218,96
633,Launce Coppens,lcoppenshk@tripadvisor.com,550-253-6795,69
634,Xever Kinman,xkinmanhl@wsj.com,642-574-1928,19
635,Billie Boxer,bboxerhm@a8.net,841-162-2783,24
636,Robb Houliston,rhoulistonhn@bigcartel.com,311-762-9264,4
637,Dania Stolberg,dstolbergho@friendfeed.com,184-288-8139,94
638,Oby Malam,omalamhp@naver.com,715-311-3794,8
639,Cortney Scullard,cscullardhq@bandcamp.com,642-918-8436,25
640,Sula Abbay,sabbayhr@wordpress.com,777-635-9335,41
641,Aloin Munt,amunths@ameblo.jp,921-758-6560,36
642,Valeria Dawltrey,vdawltreyht@earthlink.net,671-795-0993,5
643,Silas Machin,smachinhu@yahoo.co.jp,235-833-4248,91
644,Valma Ramalho,vramalhohv@yale.edu,637-405-6892,28
645,Willyt Trytsman,wtrytsmanhw@linkedin.com,143-545-6640,77
646,Aristotle Chamberlaine,achamberlainehx@jugem.jp,626-547-6116,85
647,Nestor Le Page,nlehy@va.gov,305-911-4332,28
648,Heidie Rathe,hrathehz@1688.com,481-236-7704,48
649,Arty Ellesworth,aellesworthi0@fastcompany.com,824-862-9337,66
650,Carla Menzies,cmenziesi1@bbc.co.uk,375-655-8731,51
651,Major Larmour,mlarmouri2@army.mil,684-200-8496,49
652,Aurie Spoole,aspoolei3@joomla.org,966-396-8471,14
653,Hamlin McCurt,hmccurti4@chicagotribune.com,972-684-1566,9
654,Massimo Grelik,mgreliki5@webmd.com,146-275-8480,11
655,Salim Mayfield,smayfieldi6@usnews.com,725-365-5366,79
656,Julia Tansley,jtansleyi7@chronoengine.com,348-657-4143,39
657,Linnet Breffit,lbreffiti8@patch.com,367-443-0054,65
658,Pate Crutchfield,pcrutchfieldi9@ycombinator.com,889-552-2596,70
659,Lemuel Britten,lbrittenia@amazon.co.jp,730-257-1144,55
660,Robinson Boyer,rboyerib@simplemachines.org,103-964-5782,80
661,Florinda Clynmans,fclynmansic@yellowpages.com,685-406-1164,70
662,Tish Exley,texleyid@cyberchimps.com,556-572-3381,72
663,Sheffy Juden,sjudenie@upenn.edu,324-219-9697,27
664,Melony Stailey,mstaileyif@seesaa.net,412-500-0209,32
665,Flint Swinfon,fswinfonig@intel.com,227-221-2408,81
666,Fae Mortell,fmortellih@tripod.com,196-720-2564,73
667,Trace Spowart,tspowartii@purevolume.com,232-721-2101,45
668,Jessalyn Crommett,jcrommettij@springer.com,245-503-3887,45
669,Terri Preble,tprebleik@51.la,406-908-7098,93
670,Kin Matusiak,kmatusiakil@shareasale.com,872-678-7938,33
671,Lanae Pauley,lpauleyim@usatoday.com,104-662-9829,88
672,Arabela McReynold,amcreynoldin@amazonaws.com,609-735-5246,22
673,June Beaston,jbeastonio@economist.com,328-692-5053,75
674,Merle Cufley,mcufleyip@icq.com,847-516-6288,37
675,Chrysler Smith,csmithiq@wix.com,573-112-0072,55
676,Vinny Pierucci,vpierucciir@hexun.com,275-441-8005,32
677,Artus Erdes,aerdesis@dmoz.org,322-616-5677,56
678,Alexa Quinion,aquinionit@cnn.com,149-733-5741,70
679,Teresita Lavall,tlavalliu@ifeng.com,583-143-8400,23
680,Sander McElvine,smcelvineiv@ftc.gov,729-513-2053,61
681,Melanie Strauss,mstraussiw@wix.com,386-150-0100,47
682,Brita Gallard,bgallardix@bluehost.com,153-861-9614,60
683,Osmund Yuryatin,oyuryatiniy@goo.gl,202-441-0980,24
684,Ethelind Bernardt,ebernardtiz@earthlink.net,859-544-4645,75
685,Berte Accum,baccumj0@pbs.org,314-658-7841,3
686,Lorna Chawkley,lchawkleyj1@hexun.com,938-978-0185,71
687,Coleen Creasey,ccreaseyj2@loc.gov,218-386-8066,88
688,Myrtia Vile,mvilej3@tumblr.com,632-896-0584,75
689,Sheilah Sarsfield,ssarsfieldj4@icio.us,690-293-9934,96
690,Myer Bearsmore,mbearsmorej5@list-manage.com,659-304-3519,10
691,Betty MacPherson,bmacphersonj6@pcworld.com,924-263-0754,29
692,Ganny Moore,gmoorej7@house.gov,636-438-5289,78
693,Kristy Maltster,kmaltsterj8@acquirethisname.com,775-133-9570,40
694,Carter Shailer,cshailerj9@tuttocitta.it,424-675-6303,6
695,Ron Abyss,rabyssja@t.co,357-378-4248,53
696,Aeriel McKnockiter,amcknockiterjb@columbia.edu,151-521-9326,46
697,Mathilda Lassells,mlassellsjc@edublogs.org,304-850-3754,23
698,Giacopo Tanton,gtantonjd@privacy.gov.au,230-117-3477,49
699,Demetria Jirka,djirkaje@mayoclinic.com,439-978-3815,64
700,Garreth Gillford,ggillfordjf@narod.ru,767-740-3826,97
701,Archibald Dumberrill,adumberrilljg@symantec.com,993-294-0379,1
702,Cristionna Wogden,cwogdenjh@homestead.com,464-577-3345,61
703,Torre Ray,trayji@ox.ac.uk,310-206-2960,22
704,Barb Dewey,bdeweyjj@howstuffworks.com,466-678-8190,3
705,Flint Gartside,fgartsidejk@fda.gov,985-203-3116,90
706,Laureen Spradbery,lspradberyjl@vinaora.com,397-775-0551,58
707,Emmerich Lanfare,elanfarejm@state.gov,451-904-7004,35
708,Jakie Reichartz,jreichartzjn@youku.com,957-980-5714,5
709,Andria Camelin,acamelinjo@meetup.com,681-752-3050,31
710,Jeniece Glandon,jglandonjp@twitpic.com,207-632-7615,49
711,Georges Gerhartz,ggerhartzjq@godaddy.com,690-535-2613,88
712,Kerwinn Lowthian,klowthianjr@yolasite.com,300-977-4295,43
713,Lynnet Quarry,lquarryjs@howstuffworks.com,670-648-3501,21
714,Berkie Scoffham,bscoffhamjt@4shared.com,274-133-2946,42
715,Adolpho Tilt,atiltju@whitehouse.gov,673-842-3942,51
716,Waylin Baise,wbaisejv@sina.com.cn,377-650-0050,56
717,Helsa Tallyn,htallynjw@msn.com,763-151-5987,2
718,Maureen Donson,mdonsonjx@imdb.com,627-665-5695,34
719,Alex Slowan,aslowanjy@posterous.com,888-560-7095,65
720,Harley Leedal,hleedaljz@domainmarket.com,291-776-6210,80
721,Elvin Vonderdell,evonderdellk0@slideshare.net,836-545-3197,76
722,Norine Vaney,nvaneyk1@tripod.com,329-156-4992,55
723,Nelly Ilott,nilottk2@dailymail.co.uk,637-122-5733,65
724,Emmy Gilyott,egilyottk3@auda.org.au,375-988-8084,41
725,Mikey Lanyon,mlanyonk4@about.me,203-195-0080,29
726,Gisele Hartmann,ghartmannk5@nyu.edu,916-709-2332,37
727,Murdoch Drakeford,mdrakefordk6@weebly.com,378-708-2870,84
728,Trixi Mallinar,tmallinark7@qq.com,467-839-1494,87
729,Hughie Clements,hclementsk8@latimes.com,642-836-0325,88
730,Roseline Austing,raustingk9@jalbum.net,873-441-3482,94
731,Rand Dossit,rdossitka@vkontakte.ru,122-700-5221,99
732,Aileen Verling,averlingkb@hc360.com,715-265-6545,48
733,Harmon Merrell,hmerrellkc@msu.edu,894-544-8456,44
734,Scott Kenrat,skenratkd@disqus.com,249-476-0802,81
735,Harli Real,hrealke@networksolutions.com,363-286-5064,98
736,Bobine Tomicki,btomickikf@oaic.gov.au,626-247-7541,36
737,Agace Grange,agrangekg@webs.com,510-262-5101,44
738,Ariel Sysland,asyslandkh@salon.com,670-989-9991,90
739,Bernie Agent,bagentki@usgs.gov,298-788-3751,76
740,Magdalena Klagge,mklaggekj@facebook.com,436-513-8664,89
741,Dillie Foddy,dfoddykk@wsj.com,969-775-8292,48
742,Tarah Waple,twaplekl@illinois.edu,842-245-8768,35
743,Zedekiah Varns,zvarnskm@vkontakte.ru,110-188-7802,53
744,Eward Haggett,ehaggettkn@moonfruit.com,931-348-8916,75
745,Dorree Biss,dbissko@deliciousdays.com,347-913-7455,84
746,Bessie Jeckell,bjeckellkp@blogger.com,143-630-9184,62
747,Emili Shurmore,eshurmorekq@tuttocitta.it,183-272-8994,66
748,Christophe Wilks,cwilkskr@nydailynews.com,534-782-5640,15
749,Wit Gyver,wgyverks@trellian.com,999-686-3307,10
750,Tonye Olivia,toliviakt@macromedia.com,866-184-8378,96
800,Amit Kumar,akamit21@outlook.com,9852940988,10
801,Amit Kumar,akamit22@outlook.com,9852940987,20
