id,name,email,mobile,age
6,rakesh2,rakesh@gmail.com,1234567890,32
7,rakesh2,rakesh@gmail.com,1234567890,32
8,rakesh2,rakesh@gmail.com,1234567890,32
9,rakesh2,rakesh@gmail.com,1234567890,32
10,rakesh2,rakesh@gmail.com,1234567890,32
11,rakesh2,rakesh@gmail.com,1234567890,32
12,rakesh2,rakesh@gmail.com,1234567890,32
13,rakesh2,rakesh@gmail.com,1234567890,32
14,rakesh2,rakesh@gmail.com,1234567890,76 - 80
15,rakesh2,rakesh@gmail.com,1234567890,32
16,rakesh2,rakesh@gmail.com,1234567890,32
17,rakesh2,rakesh@gmail.com,1234567890,32
18,rakesh2,rakesh@gmail.com,1234567890,32
19,rakesh2,rakesh@gmail.com,1234567890,32
20,rakesh2,rakesh@gmail.com,1234567890,32
21,rakesh2,rakesh@gmail.com,1234567890,32
22,rakesh2,rakesh@gmail.com,1234567890,32
23,rakesh2,rakesh@gmail.com,1234567890,32
24,rakesh2,rakesh@gmail.com,1234567890,32
25,rakesh2,rakesh@gmail.com,1234567890,32
26,rakesh2,rakesh@gmail.com,1234567890,32
27,rakesh2,rakesh@gmail.com,1234567890,32
38,rakesh2,rakesh@gmail.com,1234567890,32
29,rakesh2,rakesh@gmail.com,1234567890,32
30,rakesh2,rakesh@gmail.com,1234567890,32
31,rakesh2,rakesh@gmail.com,1234567890,32
32,rakesh2,rakesh@gmail.com,1234567890,32
33,rakesh2,rakesh@gmail.com,1234567890,32
34,rakesh2,rakesh@gmail.com,1234567890,32
35,rakesh2,rakesh@gmail.com,1234567890,32
36,rakesh2,rakesh@gmail.com,1234567890,32
37,rakesh2,rakesh@gmail.com,1234567890,32
38,rakesh2,rakesh@gmail.com,1234567890,32
39,rakesh2,rakesh@gmail.com,1234567890,32
40,rakesh2,rakesh@gmail.com,1234567890,32
41,rakesh2,rakesh@gmail.com,1234567890,32
42,rakesh2,rakesh@gmail.com,1234567890,32
43,rakesh2,rakesh@gmail.com,1234567890,32
44,rakesh2,rakesh@gmail.com,1234567890,32
45,rakesh2,rakesh@gmail.com,1234567890,32
46,rakesh2,rakesh@gmail.com,1234567890,32
47,rakesh2,rakesh@gmail.com,1234567890,32
48,rakesh2,rakesh@gmail.com,1234567890,32
49,rakesh2,rakesh@gmail.com,1234567890,32
50,rakesh2,rakesh@gmail.com,1234567890,32
51,rakesh2,rakesh@gmail.com,1234567890,32
52,rakesh2,rakesh@gmail.com,1234567890,32
53,rakesh2,rakesh@gmail.com,1234567890,32
54,rakesh2,rakesh@gmail.com,1234567890,32
55,rakesh2,rakesh@gmail.com,1234567890,32
56,rakesh2,rakesh@gmail.com,1234567890,32
57,rakesh2,rakesh@gmail.com,1234567890,32
58,rakesh2,rakesh@gmail.com,1234567890,32
59,rakesh2,rakesh@gmail.com,1234567890,32
60,rakesh2,rakesh@gmail.com,1234567890,32
